{
    "acc_std": [
        3051.450439453125,
        3947.046142578125
    ],
    "acc_rms": [
        16569.8271484375,
        16918.8330078125
    ],
    "z_peak_to_peak": [
        17276.0,
        19108.0
    ],
    "speed_mean": [
        6.568700075149536,
        18.427949905395508
    ]
}